episode	Appas Lost Days	character	Toph
episode	Appas Lost Days	character	Ghashiun
episode	Appas Lost Days	character	Sandbender #1
episode	Appas Lost Days	character	Sandbender #2
episode	Appas Lost Days	character	Merchant #1
episode	Appas Lost Days	character	Merchant #2
episode	Appas Lost Days	character	Aang
episode	Appas Lost Days	character	Trainer
episode	Appas Lost Days	character	Fire Nation man
episode	Appas Lost Days	character	Shuzumu
episode	Appas Lost Days	character	Unnamed Fire Nation boy
episode	Appas Lost Days	character	Iio
episode	Appas Lost Days	character	Farmer
episode	Appas Lost Days	character	Zuko
episode	Appas Lost Days	character	Iroh
episode	Appas Lost Days	character	Kyoshi Warrior #1
episode	Appas Lost Days	character	Suki
episode	Appas Lost Days	character	Azula
episode	Appas Lost Days	character	Ty Lee
episode	Appas Lost Days	character	Mai
episode	Appas Lost Days	character	Kyoshi Warrior #2
episode	Appas Lost Days	character	Pathik
episode	Avatar Day	character	Sokka
episode	Avatar Day	character	Mongke
episode	Avatar Day	character	Katara
episode	Avatar Day	character	Aang
episode	Avatar Day	character	Merchant
episode	Avatar Day	character	Villagers
episode	Avatar Day	character	Iroh
episode	Avatar Day	character	Zuko
episode	Avatar Day	character	Villager
episode	Avatar Day	character	Tong
episode	Avatar Day	character	Villager #2
episode	Avatar Day	character	Villager #3
episode	Avatar Day	character	Scary prisoner
episode	Avatar Day	character	Koko
episode	Avatar Day	character	Oyaji
episode	Avatar Day	character	Prisoner #2
episode	Avatar Day	character	Sensitive ruffian
episode	Avatar Day	character	Guard
episode	Avatar Day	character	Kyoshi
episode	Bato of the Water Tribe	character	Aang
episode	Bato of the Water Tribe	character	Sokka
episode	Bato of the Water Tribe	character	Katara
episode	Bato of the Water Tribe	character	Iroh
episode	Bato of the Water Tribe	character	Firebenders
episode	Bato of the Water Tribe	character	June
episode	Bato of the Water Tribe	character	Zuko
episode	Bato of the Water Tribe	character	Hakoda
episode	Bato of the Water Tribe	character	Bato
episode	Bato of the Water Tribe	character	Mother Superior
episode	Bato of the Water Tribe	character	Messenger
episode	Bato of the Water Tribe	character	Herbalist
episode	Bato of the Water Tribe	character	Aunt Wu
episode	Bending Battle	character	Aang, Katara, and Toph
episode	Bending Battle	character	Aang
episode	Bending Battle	character	Sokka
episode	Bending Battle	character	Toph
episode	Bending Battle	character	Katara
episode	Bending Battle	character	Katara and Aang
episode	Bending Battle	character	Zuko
episode	Bending Battle	character	Iroh
episode	Bitter Work	character	Aang
episode	Bitter Work	character	Toph
episode	Bitter Work	character	Katara
episode	Bitter Work	character	Sokka
episode	Bitter Work	character	Lu Ten
episode	Bitter Work	character	Iroh
episode	Bitter Work	character	Zuko
episode	City of Walls and Secrets	character	Katara
episode	City of Walls and Secrets	character	Sokka
episode	City of Walls and Secrets	character	Toph
episode	City of Walls and Secrets	character	Aang
episode	City of Walls and Secrets	character	Joo Dee
episode	City of Walls and Secrets	character	Iroh
episode	City of Walls and Secrets	character	Zuko
episode	City of Walls and Secrets	character	Jet
episode	City of Walls and Secrets	character	Smellerbee
episode	City of Walls and Secrets	character	Pao
episode	City of Walls and Secrets	character	Pet store owner
episode	City of Walls and Secrets	character	University student
episode	City of Walls and Secrets	character	Pong
episode	City of Walls and Secrets	character	Customer
episode	City of Walls and Secrets	character	Guard
episode	City of Walls and Secrets	character	Long Feng
episode	City of Walls and Secrets	character	Older guest
episode	City of Walls and Secrets	character	Younger guest
episode	City of Walls and Secrets	character	Guest
episode	City of Walls and Secrets	character	Dai Li agent
episode	City of Walls and Secrets	character	Joo Dee replacement
episode	Escape from the Spirit World	character	Aang
episode	Escape from the Spirit World	character	Yue
episode	Escape from the Spirit World	character	Roku
episode	Escape from the Spirit World	character	Kaja
episode	Escape from the Spirit World	character	Young Roku
episode	Escape from the Spirit World	character	Hei Bai
episode	Escape from the Spirit World	character	Kyoshi
episode	Escape from the Spirit World	character	Angry peasant
episode	Escape from the Spirit World	character	Earth King
episode	Escape from the Spirit World	character	Kuruk
episode	Escape from the Spirit World	character	Fire Nation civilian
episode	Escape from the Spirit World	character	Airbender girl #1
episode	Escape from the Spirit World	character	Airbender girl #2
episode	Escape from the Spirit World	character	Ummi
episode	Escape from the Spirit World	character	Yangchen
episode	Imprisoned	character	Aang
episode	Imprisoned	character	Sokka
episode	Imprisoned	character	Katara
episode	Imprisoned	character	Haru
episode	Imprisoned	character	Haru's mother
episode	Imprisoned	character	Tax collector
episode	Imprisoned	character	Old man
episode	Imprisoned	character	Guard
episode	Imprisoned	character	Warden
episode	Imprisoned	character	Tyro
episode	Imprisoned	character	Prisoner
episode	Imprisoned	character	Captain
episode	Jet Episode	character	Aang
episode	Jet Episode	character	Sokka
episode	Jet Episode	character	Katara
episode	Jet Episode	character	Eye-patch soldier
episode	Jet Episode	character	Jet
episode	Jet Episode	character	Fire Nation soldier
episode	Jet Episode	character	Pipsqueak
episode	Jet Episode	character	The Duke
episode	Jet Episode	character	Smellerbee
episode	Jet Episode	character	Old Fire Nation civilian
episode	Jet Episode	character	Little girl
episode	Jet Episode	character	Aang:
episode	Lake Laogai Episode	character	Katara
episode	Lake Laogai Episode	character	Sokka
episode	Lake Laogai Episode	character	Aang
episode	Lake Laogai Episode	character	Toph
episode	Lake Laogai Episode	character	Quon
episode	Lake Laogai Episode	character	Iroh
episode	Lake Laogai Episode	character	Pao
episode	Lake Laogai Episode	character	Zuko
episode	Lake Laogai Episode	character	Joo Dee
episode	Lake Laogai Episode	character	Long Feng
episode	Lake Laogai Episode	character	Dai Li agent
episode	Lake Laogai Episode	character	Jet
episode	Lake Laogai Episode	character	Old Sweepy
episode	Lake Laogai Episode	character	Smellerbee
episode	Lake Laogai Episode	character	Brainwasher
episode	Lake Laogai Episode	character	Joo Dees
episode	Lake Laogai Episode	character	Longshot
episode	Nightmares and Daydreams	character	Sokka
episode	Nightmares and Daydreams	character	Toph
episode	Nightmares and Daydreams	character	Katara
episode	Nightmares and Daydreams	character	Aang
episode	Nightmares and Daydreams	character	Ozai
episode	Nightmares and Daydreams	character	Servant #1
episode	Nightmares and Daydreams	character	Servant #2
episode	Nightmares and Daydreams	character	Zuko
episode	Nightmares and Daydreams	character	Mai
episode	Nightmares and Daydreams	character	Servant
episode	Nightmares and Daydreams	character	Azula
episode	Nightmares and Daydreams	character	Momo
episode	Nightmares and Daydreams	character	Appa
episode	Nightmares and Daydreams	character	Koala sheep
episode	Nightmares and Daydreams	character	Pathik
episode	Return to Omashu	character	Aang
episode	Return to Omashu	character	Sokka
episode	Return to Omashu	character	Katara
episode	Return to Omashu	character	Guard one
episode	Return to Omashu	character	Guard two
episode	Return to Omashu	character	Li
episode	Return to Omashu	character	Lo
episode	Return to Omashu	character	Lo and Li
episode	Return to Omashu	character	Azula
episode	Return to Omashu	character	Mai
episode	Return to Omashu	character	Michi
episode	Return to Omashu	character	Resistance fighter
episode	Return to Omashu	character	Yung
episode	Return to Omashu	character	Ty Lee
episode	Return to Omashu	character	King Bumi
episode	Return to Omashu	character	Resistance fighter #1
episode	Return to Omashu	character	Resistance fighter #2
episode	Return to Omashu	character	Old man
episode	Return to Omashu	character	Soldier
episode	Return to Omashu	character	Ukano
episode	Return to Omashu	character	Guard
episode	Return to Omashu	character	Shuzumu
episode	School Time Shipping	character	Koi fish
episode	School Time Shipping	character	Roku
episode	School Time Shipping	character	Sokka
episode	School Time Shipping	character	Suki
episode	School Time Shipping	character	Yue
episode	School Time Shipping	character	Aang
episode	School Time Shipping	character	Jet
episode	School Time Shipping	character	Zuko
episode	School Time Shipping	character	Iroh
episode	School Time Shipping	character	Katara
episode	School Time Shipping	character	Ty Lee
episode	Sokkas Master	character	Katara
episode	Sokkas Master	character	Sokka
episode	Sokkas Master	character	Toph
episode	Sokkas Master	character	Aang
episode	Sokkas Master	character	Warden Poon
episode	Sokkas Master	character	Weapons store shopkeeper
episode	Sokkas Master	character	Fat
episode	Sokkas Master	character	Piandao
episode	Sozins Comet Part 2	character	Sokka
episode	Sozins Comet Part 2	character	Zuko
episode	Sozins Comet Part 2	character	June
episode	Sozins Comet Part 2	character	Katara
episode	Sozins Comet Part 2	character	Toph
episode	Sozins Comet Part 2	character	Aang
episode	Sozins Comet Part 2	character	Avatar Roku
episode	Sozins Comet Part 2	character	Bumi
episode	Sozins Comet Part 2	character	Pakku
episode	Sozins Comet Part 2	character	Jeong Jeong
episode	Sozins Comet Part 2	character	Piandao
episode	Sozins Comet Part 2	character	Suki
episode	Sozins Comet Part 2	character	Kyoshi
episode	Sozins Comet Part 2	character	Firebender
episode	Sozins Comet Part 2	character	Kuruk
episode	Sozins Comet Part 2	character	Yangchen
episode	Sozins Comet Part 2	character	Iroh
episode	Sozins Comet Part 2	character	Lion turtle
episode	Sozins Comet Part 2	character	Ozai
episode	Sozins Comet Part 4	character	Ozai
episode	Sozins Comet Part 4	character	Sokka
episode	Sozins Comet Part 4	character	Toph
episode	Sozins Comet Part 4	character	Azula
episode	Sozins Comet Part 4	character	Zuko
episode	Sozins Comet Part 4	character	Katara
episode	Sozins Comet Part 4	character	Aang
episode	Sozins Comet Part 4	character	Lion turtle
episode	Sozins Comet Part 4	character	Suki
episode	Sozins Comet Part 4	character	Mai
episode	Sozins Comet Part 4	character	Katara and Sokka
episode	Sozins Comet Part 4	character	Hakoda
episode	Sozins Comet Part 4	character	Ty Lee
episode	Sozins Comet Part 4	character	Fire Sage
episode	Sozins Comet Part 4	character	Iroh
episode	Swamp Skiin Throwdown	character	Tho
episode	Swamp Skiin Throwdown	character	Sokka
episode	Swamp Skiin Throwdown	character	Aang
episode	Swamp Skiin Throwdown	character	Due
episode	The Avatar and the Fire Lord	character	Roku
episode	The Avatar and the Fire Lord	character	Aang
episode	The Avatar and the Fire Lord	character	Zuko
episode	The Avatar and the Fire Lord	character	Katara
episode	The Avatar and the Fire Lord	character	Toph
episode	The Avatar and the Fire Lord	character	Azula
episode	The Avatar and the Fire Lord	character	Sozin
episode	The Avatar and the Fire Lord	character	Fire Sage
episode	The Avatar and the Fire Lord	character	Sokka
episode	The Avatar and the Fire Lord	character	Gyatso
episode	The Avatar and the Fire Lord	character	Ta Min
episode	The Avatar and the Fire Lord	character	Iroh
episode	The Avatar Returns	character	Katara
episode	The Avatar Returns	character	Village kids
episode	The Avatar Returns	character	Sokka
episode	The Avatar Returns	character	Aang
episode	The Avatar Returns	character	Kanna
episode	The Avatar Returns	character	Southern Water Tribe girl
episode	The Avatar Returns	character	Southern Water Tribe boy
episode	The Avatar Returns	character	Zuko
episode	The Avatar Returns	character	Village boy
episode	The Avatar Returns	character	Iroh
episode	The Avatar Returns	character	Firebender
episode	The Avatar State	character	Katara
episode	The Avatar State	character	Aang
episode	The Avatar State	character	Pakku
episode	The Avatar State	character	Iroh
episode	The Avatar State	character	Zuko
episode	The Avatar State	character	Azula
episode	The Avatar State	character	Captain
episode	The Avatar State	character	Sokka
episode	The Avatar State	character	Fong
episode	The Avatar State	character	Lo
episode	The Avatar State	character	Li
episode	The Avatar State	character	Soldier
episode	The Avatar State	character	Oracle
episode	The Avatar State	character	Roku
episode	The Awakening	character	Aang
episode	The Awakening	character	Pipsqueak
episode	The Awakening	character	Toph
episode	The Awakening	character	Katara
episode	The Awakening	character	Sokka
episode	The Awakening	character	Mai
episode	The Awakening	character	Zuko
episode	The Awakening	character	Hakoda
episode	The Awakening	character	Li
episode	The Awakening	character	Lo and Li
episode	The Awakening	character	Lo
episode	The Awakening	character	Fire Navy officer
episode	The Awakening	character	Bato
episode	The Awakening	character	Guard
episode	The Awakening	character	Azula
episode	The Awakening	character	Ozai
episode	The Awakening	character	Roku
episode	The Awakening	character	Yue
episode	The Beach	character	Ty Lee
episode	The Beach	character	Zuko
episode	The Beach	character	Azula
episode	The Beach	character	Lo and Li
episode	The Beach	character	Mai
episode	The Beach	character	Lo
episode	The Beach	character	Li
episode	The Beach	character	Toph
episode	The Beach	character	Aang
episode	The Beach	character	Katara
episode	The Beach	character	Fire Nation watchman #1
episode	The Beach	character	Fire Nation watchman #2
episode	The Beach	character	Ember Island teenager #1
episode	The Beach	character	Ember Island teenager #2
episode	The Beach	character	Chan
episode	The Beach	character	Ruon-Jian
episode	The Beach	character	Ember Island teenager #3
episode	The Beach	character	Sokka
episode	The Blind Bandit	character	Sokka
episode	The Blind Bandit	character	Katara
episode	The Blind Bandit	character	Flyer distribution man
episode	The Blind Bandit	character	Aang
episode	The Blind Bandit	character	Yu
episode	The Blind Bandit	character	Male student
episode	The Blind Bandit	character	Male student #2
episode	The Blind Bandit	character	Xin Fu
episode	The Blind Bandit	character	The Boulder
episode	The Blind Bandit	character	The Hippo
episode	The Blind Bandit	character	Fire Nation Man
episode	The Blind Bandit	character	Toph
episode	The Blind Bandit	character	Audience
episode	The Blind Bandit	character	Guard
episode	The Blind Bandit	character	Lao
episode	The Blind Bandit	character	Servant
episode	The Blind Bandit	character	Poppy
episode	The Blue Spirit	character	Shinu
episode	The Blue Spirit	character	Zhao
episode	The Blue Spirit	character	Katara
episode	The Blue Spirit	character	Sokka
episode	The Blue Spirit	character	Aang
episode	The Blue Spirit	character	Captain
episode	The Blue Spirit	character	Zuko
episode	The Blue Spirit	character	Iroh
episode	The Blue Spirit	character	Soldier
episode	The Blue Spirit	character	Scout #1
episode	The Blue Spirit	character	Scout #2
episode	The Blue Spirit	character	Herbalist
episode	The Blue Spirit	character	Guard
episode	The Blue Spirit	character	Scribe
episode	The Boiling Rock Part 1	character	Zuko
episode	The Boiling Rock Part 1	character	Katara
episode	The Boiling Rock Part 1	character	Aang
episode	The Boiling Rock Part 1	character	Toph
episode	The Boiling Rock Part 1	character	Sokka
episode	The Boiling Rock Part 1	character	Male guard
episode	The Boiling Rock Part 1	character	Chit Sang
episode	The Boiling Rock Part 1	character	Bully guard
episode	The Boiling Rock Part 1	character	Female guard
episode	The Boiling Rock Part 1	character	Warden
episode	The Boiling Rock Part 1	character	Guard
episode	The Boiling Rock Part 1	character	Suki
episode	The Boiling Rock Part 1	character	Male guard #2
episode	The Boiling Rock Part 2	character	Bodyguard
episode	The Boiling Rock Part 2	character	Sokka
episode	The Boiling Rock Part 2	character	Warden
episode	The Boiling Rock Part 2	character	Hakoda
episode	The Boiling Rock Part 2	character	Bogyguard #2
episode	The Boiling Rock Part 2	character	Chit Sang
episode	The Boiling Rock Part 2	character	Zuko
episode	The Boiling Rock Part 2	character	Male guard
episode	The Boiling Rock Part 2	character	Female guard
episode	The Boiling Rock Part 2	character	Mai
episode	The Boiling Rock Part 2	character	Bodyguard #2
episode	The Boiling Rock Part 2	character	Suki
episode	The Boiling Rock Part 2	character	Bully guard
episode	The Boiling Rock Part 2	character	Azula
episode	The Boiling Rock Part 2	character	Door guard
episode	The Boiling Rock Part 2	character	Tough prisoner
episode	The Boiling Rock Part 2	character	Male guard #2
episode	The Boiling Rock Part 2	character	Gondola guard
episode	The Boiling Rock Part 2	character	Gondola guard #2
episode	The Boiling Rock Part 2	character	Ty Lee
episode	The Boiling Rock Part 2	character	Gondola guard #3
episode	The Boiling Rock Part 2	character	Gondola guard #4
episode	The Boiling Rock Part 2	character	Katara
episode	The Boiling Rock Part 2	character	Aang
episode	The Boiling Rock Part 2	character	Toph
episode	The Boy in the Iceberg	character	Katara
episode	The Boy in the Iceberg	character	Sokka
episode	The Boy in the Iceberg	character	Zuko
episode	The Boy in the Iceberg	character	Iroh
episode	The Boy in the Iceberg	character	Aang
episode	The Boy in the Iceberg	character	Kanna
episode	The Boy in the Iceberg	character	Village girl
episode	The Boy in the Iceberg	character	Southern Water Tribe boy
episode	The Boy in the Iceberg	character	Village boy
episode	The Cave of Two Lovers	character	Sokka
episode	The Cave of Two Lovers	character	Katara
episode	The Cave of Two Lovers	character	Aang
episode	The Cave of Two Lovers	character	Chong
episode	The Cave of Two Lovers	character	Zuko
episode	The Cave of Two Lovers	character	Iroh
episode	The Cave of Two Lovers	character	Moku
episode	The Cave of Two Lovers	character	Lily
episode	The Cave of Two Lovers	character	Commander
episode	The Cave of Two Lovers	character	Team Avatar
episode	The Cave of Two Lovers	character	Song
episode	The Cave of Two Lovers	character	Song's mother
episode	The Chase	character	Toph
episode	The Chase	character	Sokka
episode	The Chase	character	Katara
episode	The Chase	character	Aang
episode	The Chase	character	Iroh
episode	The Chase	character	Mai
episode	The Chase	character	Ty Lee
episode	The Chase	character	Azula
episode	The Chase	character	Zuko
episode	The Crossroads of Destiny	character	Sokka
episode	The Crossroads of Destiny	character	Aang
episode	The Crossroads of Destiny	character	Azula
episode	The Crossroads of Destiny	character	Ty Lee
episode	The Crossroads of Destiny	character	Mai
episode	The Crossroads of Destiny	character	Iroh
episode	The Crossroads of Destiny	character	Zuko
episode	The Crossroads of Destiny	character	Toph
episode	The Crossroads of Destiny	character	Pathik
episode	The Crossroads of Destiny	character	Kuei
episode	The Crossroads of Destiny	character	Dai Li agent
episode	The Crossroads of Destiny	character	Katara
episode	The Crossroads of Destiny	character	Captured agent
episode	The Crossroads of Destiny	character	Head of the Dai Li
episode	The Crossroads of Destiny	character	Long Feng
episode	The Crossroads of Destiny	character	How
episode	The Day of Black Sun Part 1	character	Aang
episode	The Day of Black Sun Part 1	character	Katara
episode	The Day of Black Sun Part 1	character	Toph
episode	The Day of Black Sun Part 1	character	Sokka
episode	The Day of Black Sun Part 1	character	Hakoda
episode	The Day of Black Sun Part 1	character	Due
episode	The Day of Black Sun Part 1	character	Tho
episode	The Day of Black Sun Part 1	character	Bato
episode	The Day of Black Sun Part 1	character	Huu
episode	The Day of Black Sun Part 1	character	Haru
episode	The Day of Black Sun Part 1	character	Tyro
episode	The Day of Black Sun Part 1	character	Big Bad Hippo
episode	The Day of Black Sun Part 1	character	The Boulder
episode	The Day of Black Sun Part 1	character	Mechanist
episode	The Day of Black Sun Part 1	character	Pipsqueak
episode	The Day of Black Sun Part 1	character	The Duke
episode	The Day of Black Sun Part 1	character	Teo
episode	The Day of Black Sun Part 1	character	Warden Poon
episode	The Day of Black Sun Part 1	character	Ming
episode	The Day of Black Sun Part 1	character	Iroh
episode	The Day of Black Sun Part 1	character	Male Fire Nation soldier
episode	The Day of Black Sun Part 1	character	Female Fire Nation soldier
episode	The Day of Black Sun Part 1	character	Zuko
episode	The Deserter	character	Katara
episode	The Deserter	character	Sokka
episode	The Deserter	character	Aang
episode	The Deserter	character	Mask dealer
episode	The Deserter	character	Shop keeper
episode	The Deserter	character	Puppet Fire Lord
episode	The Deserter	character	Fire Nation kids
episode	The Deserter	character	Malu
episode	The Deserter	character	Citizen
episode	The Deserter	character	Chey
episode	The Deserter	character	Guard
episode	The Deserter	character	Lin Yee
episode	The Deserter	character	Zhao
episode	The Deserter	character	Guard captain
episode	The Deserter	character	Jeong Jeong
episode	The Deserter	character	Roku
episode	The Deserter	character	Tribal man
episode	The Desert	character	Aang
episode	The Desert	character	Toph
episode	The Desert	character	Katara
episode	The Desert	character	Sokka
episode	The Desert	character	Zuko
episode	The Desert	character	Iroh
episode	The Desert	character	Mongke
episode	The Desert	character	Man
episode	The Desert	character	Yu
episode	The Desert	character	Xin Fu
episode	The Desert	character	Fung
episode	The Desert	character	Man in the bar
episode	The Desert	character	Florist
episode	The Desert	character	White Lotus member
episode	The Desert	character	Sha-Mo
episode	The Desert	character	Ghashiun
episode	The Desert	character	Sha-Mo:
episode	The Drill	character	Qin
episode	The Drill	character	Ty Lee
episode	The Drill	character	Azula
episode	The Drill	character	Mai
episode	The Drill	character	Katara
episode	The Drill	character	Aang
episode	The Drill	character	Sokka
episode	The Drill	character	Ying
episode	The Drill	character	Earthbender guard
episode	The Drill	character	General Sung
episode	The Drill	character	Toph
episode	The Drill	character	Terra Team leader
episode	The Drill	character	Ticket woman
episode	The Drill	character	Iroh
episode	The Drill	character	Zuko
episode	The Drill	character	Jet
episode	The Drill	character	Smellerbee
episode	The Drill	character	Terra Team member
episode	The Drill	character	Tea seller
episode	The Drill	character	Engineer
episode	The Drill	character	Second Engineer
episode	The Drill	character	Train conductor
episode	The Earth King	character	Aang
episode	The Earth King	character	Sokka
episode	The Earth King	character	Katara
episode	The Earth King	character	Toph
episode	The Earth King	character	Palace woman
episode	The Earth King	character	Iroh
episode	The Earth King	character	Zuko
episode	The Earth King	character	Long Feng
episode	The Earth King	character	Kuei
episode	The Earth King	character	Blue dragon
episode	The Earth King	character	Red dragon
episode	The Earth King	character	Ursa
episode	The Earth King	character	General How
episode	The Earth King	character	Soldier
episode	The Earth King	character	Agent
episode	The Earth King	character	Xin Fu
episode	The Earth King	character	Azula
episode	The Ember Island Players	character	Katara
episode	The Ember Island Players	character	Zuko
episode	The Ember Island Players	character	Sokka
episode	The Ember Island Players	character	Suki
episode	The Ember Island Players	character	Aang
episode	The Ember Island Players	character	Toph
episode	The Ember Island Players	character	Actress Katara
episode	The Ember Island Players	character	Actor Sokka
episode	The Ember Island Players	character	Actress Aang
episode	The Ember Island Players	character	Actor Iroh
episode	The Ember Island Players	character	Actor Zuko
episode	The Ember Island Players	character	Actor Bumi
episode	The Ember Island Players	character	Blue Spirit
episode	The Ember Island Players	character	Actor Jet
episode	The Ember Island Players	character	Actress Yue
episode	The Ember Island Players	character	Actor Toph
episode	The Ember Island Players	character	Actress Azula
episode	The Ember Island Players	character	Young boy
episode	The Ember Island Players	character	Actor Ozai
episode	The Firebending Masters	character	Zuko
episode	The Firebending Masters	character	Aang
episode	The Firebending Masters	character	Sokka
episode	The Firebending Masters	character	Toph
episode	The Firebending Masters	character	Katara
episode	The Firebending Masters	character	Aang and Zuko
episode	The Firebending Masters	character	Sun Warrior chief
episode	The Firebending Masters	character	Ham Ghao
episode	The Firebending Masters	character	Sun Warrior
episode	The Fortuneteller	character	Katara
episode	The Fortuneteller	character	Sokka
episode	The Fortuneteller	character	Aang
episode	The Fortuneteller	character	Calm man
episode	The Fortuneteller	character	Strange Man
episode	The Fortuneteller	character	Meng
episode	The Fortuneteller	character	Woman
episode	The Fortuneteller	character	Wu
episode	The Fortuneteller	character	Village Woman
episode	The Fortuneteller	character	Farmer
episode	The Fortuneteller	character	Poi and Ping
episode	The Fortuneteller	character	Man
episode	The Fortuneteller	character	Man with Red Shoes
episode	The Fortuneteller	character	Poi
episode	The Fortuneteller	character	Ping
episode	The Great Divide	character	Katara
episode	The Great Divide	character	Sokka
episode	The Great Divide	character	Aang
episode	The Great Divide	character	Gan Jin tribesman
episode	The Great Divide	character	Zhang leader
episode	The Great Divide	character	Canyon guide
episode	The Great Divide	character	Gan Jin leader
episode	The Great Divide	character	Gan Jin Leader
episode	The Great Divide	character	Gan Jin man
episode	The Guru	character	Zuko
episode	The Guru	character	Iroh
episode	The Guru	character	Aang
episode	The Guru	character	Sokka
episode	The Guru	character	Water Tribe warrior
episode	The Guru	character	Hakoda
episode	The Guru	character	Kuei
episode	The Guru	character	Azula
episode	The Guru	character	General How
episode	The Guru	character	Katara
episode	The Guru	character	Pathik
episode	The Guru	character	Yu
episode	The Guru	character	Xin Fu
episode	The Guru	character	Toph
episode	The Guru	character	Ty Lee
episode	The Guru	character	Mai
episode	The Guru	character	Bato
episode	The Guru	character	Warrior
episode	The Guru	character	Katara (flashback)
episode	The Guru	character	Long Feng
episode	The Guru	character	Royal messenger
episode	The Headband	character	Guard
episode	The Headband	character	Aang
episode	The Headband	character	Sokka
episode	The Headband	character	Toph
episode	The Headband	character	Katara
episode	The Headband	character	Fire Nation man
episode	The Headband	character	Male soldier
episode	The Headband	character	Kwan
episode	The Headband	character	On Ji
episode	The Headband	character	Hide
episode	The Headband	character	Shoji
episode	The Headband	character	Zuko
episode	The Headband	character	Class
episode	The Headband	character	Music teacher
episode	The Headband	character	Headmaster
episode	The Headband	character	Mai
episode	The Headband	character	Azula
episode	The Headband	character	Male student #1
episode	The Headband	character	Male student #2
episode	The Headband	character	Male soldier #1
episode	The Headband	character	Female student #1
episode	The Headband	character	Female Student #1
episode	The Headband	character	Student
episode	The King of Omashu	character	Aang
episode	The King of Omashu	character	Katara
episode	The King of Omashu	character	Sokka
episode	The King of Omashu	character	Gate guard
episode	The King of Omashu	character	Cabbage merchant
episode	The King of Omashu	character	Bumi
episode	The King of Omashu	character	Soldier
episode	The King of Omashu	character	Guard
episode	The King of Omashu	character	Chamberlain
episode	The Library	character	Sokka
episode	The Library	character	Toph
episode	The Library	character	Aang
episode	The Library	character	Katara
episode	The Library	character	Zei
episode	The Library	character	Wan Shi Tong
episode	The Northern Air Temple	character	Storyteller
episode	The Northern Air Temple	character	Aang
episode	The Northern Air Temple	character	Katara
episode	The Northern Air Temple	character	Sokka
episode	The Northern Air Temple	character	Colonists
episode	The Northern Air Temple	character	Teo
episode	The Northern Air Temple	character	Man
episode	The Northern Air Temple	character	Mechanist
episode	The Northern Air Temple	character	Both
episode	The Northern Air Temple	character	Qin
episode	The Northern Air Temple	character	Girl
episode	The Northern Air Temple	character	Fire Nation soldier
episode	The Painted Lady	character	Aang
episode	The Painted Lady	character	Toph
episode	The Painted Lady	character	Sokka
episode	The Painted Lady	character	Katara
episode	The Painted Lady	character	Dock
episode	The Painted Lady	character	Xu
episode	The Painted Lady	character	Little boy
episode	The Painted Lady	character	Dock/Xu
episode	The Painted Lady	character	Aang and Sokka
episode	The Painted Lady	character	Mung
episode	The Painted Lady	character	Female Fire Nation soldier
episode	The Painted Lady	character	Male Fire Nation soldier
episode	The Painted Lady	character	Villager #1
episode	The Painted Lady	character	Villager #2
episode	The Painted Lady	character	Villager #3
episode	The Painted Lady	character	Villager #4
episode	The Painted Lady	character	Painted Lady
episode	The Puppetmaster	character	Avatar Roku
episode	The Puppetmaster	character	Katara
episode	The Puppetmaster	character	Yue
episode	The Puppetmaster	character	Toph
episode	The Puppetmaster	character	Sokka
episode	The Puppetmaster	character	Aang
episode	The Puppetmaster	character	Hama
episode	The Puppetmaster	character	Villager
episode	The Puppetmaster	character	Shop owner
episode	The Puppetmaster	character	Ding
episode	The Puppetmaster	character	Male prisoner #1
episode	The Puppetmaster	character	Female prisoner
episode	The Puppetmaster	character	Male prisoner #2
episode	The Runaway	character	Toph
episode	The Runaway	character	Katara
episode	The Runaway	character	Aang
episode	The Runaway	character	Sokka
episode	The Runaway	character	Dealer
episode	The Runaway	character	Town authority
episode	The Runaway	character	Female guard
episode	The Serpents Pass	character	Katara
episode	The Serpents Pass	character	Sokka
episode	The Serpents Pass	character	Aang
episode	The Serpents Pass	character	Toph
episode	The Serpents Pass	character	Than
episode	The Serpents Pass	character	Ying
episode	The Serpents Pass	character	Iroh
episode	The Serpents Pass	character	Zuko
episode	The Serpents Pass	character	Jet
episode	The Serpents Pass	character	Smellerbee
episode	The Serpents Pass	character	Ticket lady
episode	The Serpents Pass	character	Cabbage merchant
episode	The Serpents Pass	character	Suki
episode	The Siege of the North Part 1	character	Pakku
episode	The Siege of the North Part 1	character	Aang
episode	The Siege of the North Part 1	character	Yue
episode	The Siege of the North Part 1	character	Sokka
episode	The Siege of the North Part 1	character	Zhao
episode	The Siege of the North Part 1	character	Iroh
episode	The Siege of the North Part 1	character	Zuko
episode	The Siege of the North Part 1	character	Arnook
episode	The Siege of the North Part 1	character	Katara
episode	The Siege of the North Part 1	character	Hahn
episode	The Siege of the North Part 2	character	Katara
episode	The Siege of the North Part 2	character	Sokka
episode	The Siege of the North Part 2	character	Aang
episode	The Siege of the North Part 2	character	Baboon spirit
episode	The Siege of the North Part 2	character	Roku
episode	The Siege of the North Part 2	character	Zuko
episode	The Siege of the North Part 2	character	Iroh
episode	The Siege of the North Part 2	character	Zhao
episode	The Siege of the North Part 2	character	Hahn
episode	The Siege of the North Part 2	character	Koh
episode	The Siege of the North Part 2	character	Yue
episode	The Siege of the North Part 2	character	Pakku
episode	The Siege of the North Part 2	character	Arnook
episode	The Siege of the North Part 2	character	Ozai
episode	The Southern Air Temple	character	Aang
episode	The Southern Air Temple	character	Katara
episode	The Southern Air Temple	character	Sokka
episode	The Southern Air Temple	character	Zuko
episode	The Southern Air Temple	character	Iroh
episode	The Southern Air Temple	character	Zhao
episode	The Southern Air Temple	character	Soldier
episode	The Southern Air Temple	character	Gyatso
episode	The Southern Air Temple	character	Aang and Sokka
episode	The Southern Air Temple	character	Fire Sage
episode	The Southern Raiders	character	Zuko
episode	The Southern Raiders	character	Katara
episode	The Southern Raiders	character	Toph
episode	The Southern Raiders	character	Aang
episode	The Southern Raiders	character	Sokka
episode	The Southern Raiders	character	Azula
episode	The Southern Raiders	character	Hakoda
episode	The Southern Raiders	character	Suki
episode	The Southern Raiders	character	Team Avatar
episode	The Southern Raiders	character	Young Katara
episode	The Southern Raiders	character	Kya
episode	The Southern Raiders	character	Yon Rha
episode	The Southern Raiders	character	Soldier
episode	The Southern Raiders	character	Southern Raiders commander
episode	The Southern Raiders	character	Yon Rha's mother
episode	The Storm	character	Katara
episode	The Storm	character	Aang
episode	The Storm	character	Gyatso
episode	The Storm	character	Gyatso and Katara
episode	The Storm	character	Sokka
episode	The Storm	character	Iroh
episode	The Storm	character	Zuko
episode	The Storm	character	Merchant woman
episode	The Storm	character	Shopkeeper
episode	The Storm	character	Fisherman's wife
episode	The Storm	character	Fisherman
episode	The Storm	character	Lieutenant Jee
episode	The Storm	character	Jee
episode	The Storm	character	Air Nomad boy #1
episode	The Storm	character	Air Nomad boy #2
episode	The Storm	character	Tashi
episode	The Storm	character	Pasang
episode	The Storm	character	Young Zuko
episode	The Storm	character	Bujing
episode	The Storm	character	Elder soldier
episode	The Storm	character	Ozai
episode	The Swamp	character	Iroh
episode	The Swamp	character	Zuko
episode	The Swamp	character	Peasant girl
episode	The Swamp	character	Broadsword man
episode	The Swamp	character	Sokka
episode	The Swamp	character	Aang
episode	The Swamp	character	Katara
episode	The Swamp	character	Due
episode	The Swamp	character	Tho
episode	The Swamp	character	Princess Yue
episode	The Swamp	character	Huu
episode	The Tales of Ba Sing Se	character	Katara
episode	The Tales of Ba Sing Se	character	Toph
episode	The Tales of Ba Sing Se	character	Girl with umbrella
episode	The Tales of Ba Sing Se	character	Star
episode	The Tales of Ba Sing Se	character	Third girl
episode	The Tales of Ba Sing Se	character	Shop owner
episode	The Tales of Ba Sing Se	character	Iroh
episode	The Tales of Ba Sing Se	character	Boy's mother
episode	The Tales of Ba Sing Se	character	Huge round angry face
episode	The Tales of Ba Sing Se	character	Tycho
episode	The Tales of Ba Sing Se	character	Aang
episode	The Tales of Ba Sing Se	character	Kenji
episode	The Tales of Ba Sing Se	character	Cabbage merchant
episode	The Tales of Ba Sing Se	character	Guard
episode	The Tales of Ba Sing Se	character	Guard #2
episode	The Tales of Ba Sing Se	character	Young guest
episode	The Tales of Ba Sing Se	character	Adult guest
episode	The Tales of Ba Sing Se	character	Sokka
episode	The Tales of Ba Sing Se	character	Lady on stage
episode	The Tales of Ba Sing Se	character	Macmu-Ling
episode	The Tales of Ba Sing Se	character	Ladies
episode	The Tales of Ba Sing Se	character	Zuko
episode	The Tales of Ba Sing Se	character	Jin
episode	The Tales of Ba Sing Se	character	Waiter
episode	The Warriors of Kyoshi	character	Zuko
episode	The Warriors of Kyoshi	character	Iroh
episode	The Warriors of Kyoshi	character	Sokka
episode	The Warriors of Kyoshi	character	Aang
episode	The Warriors of Kyoshi	character	Katara
episode	The Warriors of Kyoshi	character	Oyaji
episode	The Warriors of Kyoshi	character	Suki
episode	The Warriors of Kyoshi	character	Spectators
episode	The Warriors of Kyoshi	character	Little girl
episode	The Warriors of Kyoshi	character	Fisherman
episode	The Warriors of Kyoshi	character	Painter
episode	The Warriors of Kyoshi	character	Fangirls
episode	The Warriors of Kyoshi	character	Koko
episode	The Warriors of Kyoshi	character	Little Girl
episode	The Waterbending Master	character	Sokka
episode	The Waterbending Master	character	Aang
episode	The Waterbending Master	character	Katara
episode	The Waterbending Master	character	Zhao
episode	The Waterbending Master	character	Li
episode	The Waterbending Master	character	Iroh
episode	The Waterbending Master	character	Arnook
episode	The Waterbending Master	character	Yue
episode	The Waterbending Master	character	Pakku
episode	The Waterbending Master	character	Zuko
episode	The Waterbending Master	character	Oh
episode	The Waterbending Master	character	Pirate captain
episode	The Waterbending Master	character	Yagoda
episode	The Waterbending Master	character	Crew member
episode	The Waterbending Scroll	character	Sokka
episode	The Waterbending Scroll	character	Aang
episode	The Waterbending Scroll	character	Katara
episode	The Waterbending Scroll	character	Zuko
episode	The Waterbending Scroll	character	Iroh
episode	The Waterbending Scroll	character	Oh
episode	The Waterbending Scroll	character	Pirate captain
episode	The Waterbending Scroll	character	Cabbage merchant
episode	The Waterbending Scroll	character	Pirate
episode	The Waterbending Scroll	character	Together
episode	The Western Air Temple	character	Katara
episode	The Western Air Temple	character	Sokka
episode	The Western Air Temple	character	Aang
episode	The Western Air Temple	character	Teo
episode	The Western Air Temple	character	Haru
episode	The Western Air Temple	character	The Duke
episode	The Western Air Temple	character	Toph
episode	The Western Air Temple	character	Iroh
episode	The Western Air Temple	character	Zuko
episode	Unaired Pilot	character	Kya
episode	Unaired Pilot	character	Aang
episode	Unaired Pilot	character	Sokka
episode	Unaired Pilot	character	Zuko
episode	Unaired Pilot	character	Fire Nation soldier
episode	Unaired Pilot	character	Fire Nation Soldier
episode	Unaired Pilot	character	Soldier
episode	Unaired Pilot	character	Guard
episode	Winter Solstice Part 1	character	Katara
episode	Winter Solstice Part 1	character	Sokka
episode	Winter Solstice Part 1	character	Aang
episode	Winter Solstice Part 1	character	Zuko
episode	Winter Solstice Part 1	character	Iroh
episode	Winter Solstice Part 1	character	Kay-fon
episode	Winter Solstice Part 1	character	Senlin Village leader
episode	Winter Solstice Part 1	character	Soldier
episode	Winter Solstice Part 1	character	Earthbender captain
episode	Winter Solstice Part 1	character	Fire Nation Soldier
episode	Winter Solstice Part 2	character	Aang
episode	Winter Solstice Part 2	character	Sokka
episode	Winter Solstice Part 2	character	Katara
episode	Winter Solstice Part 2	character	Senlin Village leader
episode	Winter Solstice Part 2	character	Zuko
episode	Winter Solstice Part 2	character	Iroh
episode	Winter Solstice Part 2	character	Zhao
episode	Winter Solstice Part 2	character	Captain
episode	Winter Solstice Part 2	character	Engineer
episode	Winter Solstice Part 2	character	Great Fire Sage
episode	Winter Solstice Part 2	character	Shyu
episode	Winter Solstice Part 2	character	Roku
episode	Zuko Alone	character	Earth Kingdom soldier
episode	Zuko Alone	character	Zuko
episode	Zuko Alone	character	Store owner
episode	Zuko Alone	character	Gow
episode	Zuko Alone	character	Lee
episode	Zuko Alone	character	Gansu
episode	Zuko Alone	character	Sela
episode	Zuko Alone	character	Young Zuko
episode	Zuko Alone	character	Ursa
episode	Zuko Alone	character	Young Ty Lee
episode	Zuko Alone	character	Young Azula
episode	Zuko Alone	character	Young Mai
episode	Zuko Alone	character	Iroh
episode	Zuko Alone	character	Ozai
episode	Zuko Alone	character	Azulon
episode	Zuko Alone	character	Old man
episode	Zuko Alone	character	Old woman
episode	Zuko Alone	character	Fire Sage