word	nodeType	unit
okay	ADJ	vol-9
third	ADJ	vol-9
small	ADJ	vol-9
surprised	ADJ	vol-9
famous	ADJ	vol-9
elementary	ADJ	vol-9
embarrassed	ADJ	vol-9
naughty	ADJ	vol-9
filthy	ADJ	vol-9
refined	ADJ	vol-9
true	ADJ	vol-9
good	ADJ	vol-9
bald	ADJ	vol-9
wrong	ADJ	vol-9
bald	ADJ	vol-9
awfull	ADJ	vol-9
terrible	ADJ	vol-9
terrible	ADJ	vol-9
flustered	ADJ	vol-9
okay	ADJ	vol-9
next	ADJ	vol-9
many	ADJ	vol-9
flintlock	ADJ	vol-9
young	ADJ	vol-9
sorry	ADJ	vol-9
inside	ADJ	vol-9
kindred	ADJ	vol-9
dry	ADJ	vol-9
full	ADJ	vol-9
pleased	ADJ	vol-9
right	ADJ	vol-9
much	ADJ	vol-9
whole	ADJ	vol-9
heavy	ADJ	vol-9
long	ADJ	vol-9
full	ADJ	vol-9
light	ADJ	vol-9
medium	ADJ	vol-9
light	ADJ	vol-9
complete	ADJ	vol-9
great	ADJ	vol-9
golden	ADJ	vol-9
angry	ADJ	vol-9
popular	ADJ	vol-9
more	ADJ	vol-9
angry	ADJ	vol-9
right	ADJ	vol-9
old	ADJ	vol-9
true	ADJ	vol-9
right	ADJ	vol-9
left	ADJ	vol-9
wrong	ADJ	vol-9
pivoting	ADJ	vol-9
right	ADJ	vol-9
left	ADJ	vol-9
right	ADJ	vol-9
old	ADJ	vol-9
more	ADJ	vol-9
bad	ADJ	vol-9
smelly	ADJ	vol-9
next	ADJ	vol-9
same	ADJ	vol-8
long	ADJ	vol-8
earthling	ADJ	vol-8
half	ADJ	vol-8
alien	ADJ	vol-8
many	ADJ	vol-8
impossible	ADJ	vol-8
entire	ADJ	vol-8
wooden	ADJ	vol-8
high	ADJ	vol-8
low	ADJ	vol-8
enough	ADJ	vol-8
high	ADJ	vol-8
first	ADJ	vol-8
great	ADJ	vol-8
astonishing	ADJ	vol-8
low	ADJ	vol-8
bad	ADJ	vol-8
rainy	ADJ	vol-8
sunny	ADJ	vol-8
snowy	ADJ	vol-8
waterproof	ADJ	vol-8
good	ADJ	vol-8
like	ADJ	vol-8
right	ADJ	vol-8
high	ADJ	vol-8
entire	ADJ	vol-8
153rd	ADJ	vol-8
3rd	ADJ	vol-8
fat	ADJ	vol-8
low	ADJ	vol-8
left	ADJ	vol-8
amazing	ADJ	vol-8
somethign	ADJ	vol-8
cool	ADJ	vol-8
courageous	ADJ	vol-8
courageous	ADJ	vol-8
non	ADJ	vol-8
-	ADJ	vol-8
existent	ADJ	vol-8
natural	ADJ	vol-8
artificial	ADJ	vol-8
stupid	ADJ	vol-8
serious	ADJ	vol-8
easy	ADJ	vol-8
strong	ADJ	vol-8
worth	ADJ	vol-8
giant	ADJ	vol-8
curious	ADJ	vol-8
ridiculous	ADJ	vol-8
many	ADJ	vol-8
same	ADJ	vol-8
short	ADJ	vol-8
cheap	ADJ	vol-8
much	ADJ	vol-8
bad	ADJ	vol-8
long	ADJ	vol-8
last	ADJ	vol-8
much	ADJ	vol-8
great	ADJ	vol-8
other	ADJ	vol-8
astronomical	ADJ	vol-8
careful	ADJ	vol-8
notorious	ADJ	vol-8
ridiculous	ADJ	vol-8
popular	ADJ	vol-16
ready	ADJ	vol-16
good	ADJ	vol-16
quick	ADJ	vol-16
right	ADJ	vol-16
little	ADJ	vol-16
same	ADJ	vol-16
more	ADJ	vol-16
many	ADJ	vol-16
shocked	ADJ	vol-16
only	ADJ	vol-16
eld	ADJ	vol-16
delicious	ADJ	vol-16
horrendous	ADJ	vol-16
happy	ADJ	vol-16
sick	ADJ	vol-16
sick	ADJ	vol-16
normal	ADJ	vol-16
convenient	ADJ	vol-16
easy	ADJ	vol-16
right	ADJ	vol-16
such	ADJ	vol-16
trivial	ADJ	vol-16
super	ADJ	vol-16
amazing	ADJ	vol-16
huge	ADJ	vol-16
webbed	ADJ	vol-16
awesome	ADJ	vol-16
good	ADJ	vol-16
next	ADJ	vol-16
big	ADJ	vol-16
twisty	ADJ	vol-16
amazing	ADJ	vol-16
own	ADJ	vol-16
deep	ADJ	vol-16
same	ADJ	vol-16
ready	ADJ	vol-16
nice	ADJ	vol-16
own	ADJ	vol-16
good	ADJ	vol-16
next	ADJ	vol-16
first	ADJ	vol-17
random	ADJ	vol-17
sure	ADJ	vol-17
difficult	ADJ	vol-17
awful	ADJ	vol-17
horned	ADJ	vol-17
swedish	ADJ	vol-17
right	ADJ	vol-17
giant	ADJ	vol-17
original	ADJ	vol-17
correct	ADJ	vol-17
precise	ADJ	vol-17
same	ADJ	vol-17
giant	ADJ	vol-17
non	ADJ	vol-17
-	ADJ	vol-17
mammalian	ADJ	vol-17
official	ADJ	vol-17
able	ADJ	vol-17
ancient	ADJ	vol-17
full	ADJ	vol-17
ancient	ADJ	vol-17
beautiful	ADJ	vol-17
wonderful	ADJ	vol-17
happy	ADJ	vol-17
right	ADJ	vol-17
nice	ADJ	vol-17
ancient	ADJ	vol-17
nice	ADJ	vol-17
good	ADJ	vol-17
full	ADJ	vol-17
entire	ADJ	vol-17
extra	ADJ	vol-17
nice	ADJ	vol-17
unnecessary	ADJ	vol-17
good	ADJ	vol-17
portuguese	ADJ	vol-15
olden	ADJ	vol-15
knowledgeable	ADJ	vol-15
important	ADJ	vol-15
much	ADJ	vol-15
deep	ADJ	vol-15
more	ADJ	vol-15
100th	ADJ	vol-15
cool	ADJ	vol-15
real	ADJ	vol-15
grand	ADJ	vol-15
other	ADJ	vol-15
big	ADJ	vol-15
exciting	ADJ	vol-15
bad	ADJ	vol-15
live	ADJ	vol-15
good	ADJ	vol-15
nice	ADJ	vol-15
further	ADJ	vol-15
true	ADJ	vol-15
next	ADJ	vol-15
secondhand	ADJ	vol-15
such	ADJ	vol-15
canadian	ADJ	vol-15
good	ADJ	vol-15
middle	ADJ	vol-15
future	ADJ	vol-15
serious	ADJ	vol-15
serious	ADJ	vol-15
wrong	ADJ	vol-15
young	ADJ	vol-15
own	ADJ	vol-15
much	ADJ	vol-15
young	ADJ	vol-15
such	ADJ	vol-15
terrible	ADJ	vol-15
amazing	ADJ	vol-15
such	ADJ	vol-15
wonderful	ADJ	vol-15
stupid	ADJ	vol-15
stupi	ADJ	vol-15
pathetic	ADJ	vol-15
least	ADJ	vol-15
pathetic	ADJ	vol-15
chure	ADJ	vol-15
right	ADJ	vol-15
tough	ADJ	vol-15
next	ADJ	vol-15
own	ADJ	vol-14
great	ADJ	vol-14
good	ADJ	vol-14
popular	ADJ	vol-14
expensive	ADJ	vol-14
high	ADJ	vol-14
exact	ADJ	vol-14
same	ADJ	vol-14
everyday	ADJ	vol-14
comic	ADJ	vol-14
same	ADJ	vol-14
same	ADJ	vol-14
cross	ADJ	vol-14
-	ADJ	vol-14
legged	ADJ	vol-14
cute	ADJ	vol-14
curious	ADJ	vol-14
vulgar	ADJ	vol-14
4th	ADJ	vol-14
old	ADJ	vol-14
drunk	ADJ	vol-14
drunk	ADJ	vol-14
eld	ADJ	vol-14
excited	ADJ	vol-14
italian	ADJ	vol-14
raw	ADJ	vol-14
sweet	ADJ	vol-14
miraculous	ADJ	vol-14
many	ADJ	vol-14
raw	ADJ	vol-14
raw	ADJ	vol-14
easy	ADJ	vol-14
henohenou_chi	ADJ	vol-14
right	ADJ	vol-14
right	ADJ	vol-14
tyrannical	ADJ	vol-14
refined	ADJ	vol-14
ahem	ADJ	vol-14
maaa	ADJ	vol-14
interested	ADJ	vol-14
maaa	ADJ	vol-14
first	ADJ	vol-14
hey	ADJ	vol-14
usoooooopp	ADJ	vol-14
odd	ADJ	vol-14
new	ADJ	vol-14
new	ADJ	vol-14
esp	ADJ	vol-14
new	ADJ	vol-14
good	ADJ	vol-14
egyptian	ADJ	vol-14
striped	ADJ	vol-14
ancient	ADJ	vol-14
striped	ADJ	vol-14
egyptian	ADJ	vol-14
mean	ADJ	vol-14
sixth	ADJ	vol-10
whole	ADJ	vol-10
small	ADJ	vol-10
bottom	ADJ	vol-10
upper	ADJ	vol-10
other	ADJ	vol-10
bzzzt	ADJ	vol-10
cute	ADJ	vol-10
main	ADJ	vol-10
short	ADJ	vol-10
cut	ADJ	vol-10
funny	ADJ	vol-10
full	ADJ	vol-10
chinese	ADJ	vol-10
fine	ADJ	vol-10
decorative	ADJ	vol-10
real	ADJ	vol-10
deep	ADJ	vol-10
decorative	ADJ	vol-10
pointless	ADJ	vol-10
more	ADJ	vol-10
first	ADJ	vol-10
favorite	ADJ	vol-10
little	ADJ	vol-10
sudden	ADJ	vol-10
careful	ADJ	vol-10
final	ADJ	vol-10
right	ADJ	vol-10
tall	ADJ	vol-10
certain	ADJ	vol-10
unyielding	ADJ	vol-10
right	ADJ	vol-10
new	ADJ	vol-10
good	ADJ	vol-10
right	ADJ	vol-10
good	ADJ	vol-10
glad	ADJ	vol-10
crazy	ADJ	vol-10
crazy	ADJ	vol-10
old	ADJ	vol-10
big	ADJ	vol-10
strong	ADJ	vol-10
straight	ADJ	vol-10
wonderful	ADJ	vol-10
gigantic	ADJ	vol-10
nice	ADJ	vol-10
little	ADJ	vol-10
terrible	ADJ	vol-10
dreadful	ADJ	vol-10
many	ADJ	vol-10
great	ADJ	vol-10
many	ADJ	vol-10
ridiculous	ADJ	vol-10
frequent	ADJ	vol-11
entire	ADJ	vol-11
certain	ADJ	vol-13
happy	ADJ	vol-13
great	ADJ	vol-13
first	ADJ	vol-13
ready	ADJ	vol-13
worthy	ADJ	vol-13
bottom	ADJ	vol-13
naked	ADJ	vol-13
sighted	ADJ	vol-13
short	ADJ	vol-13
sighted	ADJ	vol-13
close	ADJ	vol-13
blurry	ADJ	vol-13
likely	ADJ	vol-13
good	ADJ	vol-13
nice	ADJ	vol-13
graphic	ADJ	vol-13
small	ADJ	vol-13
cool	ADJ	vol-13
impressive	ADJ	vol-13
curious	ADJ	vol-13
little	ADJ	vol-13
outward	ADJ	vol-13
white	ADJ	vol-13
straight	ADJ	vol-13
normal	ADJ	vol-13
excellent	ADJ	vol-13
good	ADJ	vol-13
new	ADJ	vol-13
first	ADJ	vol-13
confusing	ADJ	vol-13
strong	ADJ	vol-12
right	ADJ	vol-12
sorry	ADJ	vol-12
uhhh	ADJ	vol-12
cool	ADJ	vol-12
cool	ADJ	vol-12
easy	ADJ	vol-12
ready	ADJ	vol-12
next	ADJ	vol-12
unauthorized	ADJ	vol-12
okay	ADJ	vol-12
happy	ADJ	vol-12
complicated	ADJ	vol-12
several	ADJ	vol-12
right	ADJ	vol-12
sure	ADJ	vol-12
hard	ADJ	vol-12
part	ADJ	vol-12
lucky	ADJ	vol-12
facial	ADJ	vol-12
same	ADJ	vol-12
same	ADJ	vol-12
sexy	ADJ	vol-12
ooh	ADJ	vol-12
la	ADJ	vol-12
la	ADJ	vol-12
famous	ADJ	vol-12
local	ADJ	vol-12
sexy	ADJ	vol-12
hot	ADJ	vol-12
first	ADJ	vol-12
embarrassed	ADJ	vol-12
right	ADJ	vol-12
specific	ADJ	vol-12
okay	ADJ	vol-12
splendid	ADJ	vol-12
41st	ADJ	vol-12
curious	ADJ	vol-12
previous	ADJ	vol-12
webbed	ADJ	vol-12
wrong	ADJ	vol-12
next	ADJ	vol-12
cold	ADJ	vol-12
sudden	ADJ	vol-12
little	ADJ	vol-12
high	ADJ	vol-12
interested	ADJ	vol-12
okay	ADJ	vol-12
straight	ADJ	vol-12
okay	ADJ	vol-12
whole	ADJ	vol-12
whole	ADJ	vol-12
little	ADJ	vol-12
old	ADJ	vol-12
uhhh	ADJ	vol-12
first	ADJ	vol-23
afraid	ADJ	vol-23
humorous	ADJ	vol-23
least	ADJ	vol-23
ahem	ADJ	vol-23
free	ADJ	vol-23
quick	ADJ	vol-23
first	ADJ	vol-23
first	ADJ	vol-23
dedicated	ADJ	vol-23
duper	ADJ	vol-23
sorry	ADJ	vol-23
6th	ADJ	vol-23
middle	ADJ	vol-23
happy	ADJ	vol-23
little	ADJ	vol-23
next	ADJ	vol-23
bad	ADJ	vol-23
other	ADJ	vol-23
best	ADJ	vol-23
sexy	ADJ	vol-23
sexy	ADJ	vol-23
professional	ADJ	vol-23
sexy	ADJ	vol-23
such	ADJ	vol-23
exciting	ADJ	vol-23
bottom	ADJ	vol-23
like	ADJ	vol-23
upper	ADJ	vol-23
other	ADJ	vol-23
different	ADJ	vol-23
left	ADJ	vol-23
great	ADJ	vol-23
other	ADJ	vol-23
2nd	ADJ	vol-23
7th	ADJ	vol-23
3rd	ADJ	vol-23
6th	ADJ	vol-23
4th	ADJ	vol-23
5th	ADJ	vol-23
proper	ADJ	vol-23
surprised	ADJ	vol-23
other	ADJ	vol-23
fair	ADJ	vol-23
foreign	ADJ	vol-23
little	ADJ	vol-23
little	ADJ	vol-23
different	ADJ	vol-23
ish	ADJ	vol-23
changed	ADJ	vol-23
interested	ADJ	vol-23
funny	ADJ	vol-23
same	ADJ	vol-23
strange	ADJ	vol-23
esoteric	ADJ	vol-23
western	ADJ	vol-23
sure	ADJ	vol-23
wrong	ADJ	vol-23
surprised	ADJ	vol-23
worldly	ADJ	vol-23
such	ADJ	vol-23
deep	ADJ	vol-23
cool	ADJ	vol-23
main	ADJ	vol-23
next	ADJ	vol-23
weird	ADJ	vol-22
weird	ADJ	vol-22
next	ADJ	vol-22
fine	ADJ	vol-22
next	ADJ	vol-22
good	ADJ	vol-22
japanese	ADJ	vol-22
direct	ADJ	vol-22
unique	ADJ	vol-22
japanese	ADJ	vol-22
long	ADJ	vol-22
korean	ADJ	vol-22
chinese	ADJ	vol-22
expeditionary	ADJ	vol-22
bad	ADJ	vol-22
famous	ADJ	vol-22
big	ADJ	vol-22
widespread	ADJ	vol-22
long	ADJ	vol-22
suigun	ADJ	vol-22
short	ADJ	vol-22
good	ADJ	vol-22
mysterious	ADJ	vol-22
other	ADJ	vol-22
next	ADJ	vol-22
basic	ADJ	vol-22
high	ADJ	vol-22
green	ADJ	vol-22
more	ADJ	vol-22
good	ADJ	vol-20
little	ADJ	vol-20
enthusiastic	ADJ	vol-20
nice	ADJ	vol-20
okay	ADJ	vol-20
chinese	ADJ	vol-20
chinese	ADJ	vol-20
difficult	ADJ	vol-20
scary	ADJ	vol-20
secret	ADJ	vol-20
normal	ADJ	vol-20
good	ADJ	vol-20
tall	ADJ	vol-20
secret	ADJ	vol-20
huge	ADJ	vol-20
tense	ADJ	vol-20
witted	ADJ	vol-20
wrong	ADJ	vol-20
former	ADJ	vol-20
female	ADJ	vol-20
simple	ADJ	vol-20
young	ADJ	vol-20
old	ADJ	vol-20
baroque	ADJ	vol-20
baroque	ADJ	vol-20
right	ADJ	vol-20
right	ADJ	vol-20
difficult	ADJ	vol-20
prevalent	ADJ	vol-20
17th	ADJ	vol-20
own	ADJ	vol-20
simple	ADJ	vol-20
extravagant	ADJ	vol-20
ostentatious	ADJ	vol-20
own	ADJ	vol-20
other	ADJ	vol-20
old	ADJ	vol-20
cute	ADJ	vol-20
hard	ADJ	vol-20
dang	ADJ	vol-20
tootin	ADJ	vol-20
former	ADJ	vol-20
cute	ADJ	vol-20
certain	ADJ	vol-20
editorial	ADJ	vol-20
right	ADJ	vol-20
relentless	ADJ	vol-20
sacred	ADJ	vol-20
other	ADJ	vol-20
top	ADJ	vol-20
hard	ADJ	vol-20
picky	ADJ	vol-20
other	ADJ	vol-20
dear	ADJ	vol-20
dirty	ADJ	vol-20
female	ADJ	vol-20
serious	ADJ	vol-20
awful	ADJ	vol-20
true	ADJ	vol-20
impressed	ADJ	vol-20
old	ADJ	vol-20
right	ADJ	vol-20
refined	ADJ	vol-20
only	ADJ	vol-20
good	ADJ	vol-20
middle	ADJ	vol-20
middle	ADJ	vol-20
little	ADJ	vol-20
human	ADJ	vol-20
true	ADJ	vol-20
more	ADJ	vol-20
human	ADJ	vol-20
like	ADJ	vol-20
many	ADJ	vol-20
great	ADJ	vol-20
real	ADJ	vol-20
next	ADJ	vol-20
right	ADJ	vol-21
boring	ADJ	vol-21
good	ADJ	vol-21
more	ADJ	vol-21
full	ADJ	vol-21
left	ADJ	vol-21
other	ADJ	vol-21
such	ADJ	vol-21
impossible	ADJ	vol-21
impossible	ADJ	vol-21
close	ADJ	vol-21
other	ADJ	vol-21
large	ADJ	vol-21
other	ADJ	vol-21
mean	ADJ	vol-21
uhhhhhh	ADJ	vol-21
uhhh	ADJ	vol-21
sure	ADJ	vol-21
right	ADJ	vol-21
orange	ADJ	vol-21
true	ADJ	vol-21
different	ADJ	vol-21
green	ADJ	vol-21
different	ADJ	vol-21
2nd	ADJ	vol-21
5th	ADJ	vol-21
same	ADJ	vol-21
right	ADJ	vol-21
correct	ADJ	vol-21
current	ADJ	vol-21
easy	ADJ	vol-21
right	ADJ	vol-21
little	ADJ	vol-21
most	ADJ	vol-21
former	ADJ	vol-21
first	ADJ	vol-21
drunk	ADJ	vol-21
surprised	ADJ	vol-21
second	ADJ	vol-21
second	ADJ	vol-21
strong	ADJ	vol-21
little	ADJ	vol-21
lonely	ADJ	vol-21
happy	ADJ	vol-21
sober	ADJ	vol-21
different	ADJ	vol-21
other	ADJ	vol-21
next	ADJ	vol-21
big	ADJ	vol-21
much	ADJ	vol-21
good	ADJ	vol-25
sudden	ADJ	vol-25
related	ADJ	vol-25
fast	ADJ	vol-25
good	ADJ	vol-25
ro	ADJ	vol-25
naked	ADJ	vol-25
favourite	ADJ	vol-25
naked	ADJ	vol-25
english	ADJ	vol-25
other	ADJ	vol-25
honorific	ADJ	vol-25
good	ADJ	vol-25
middle	ADJ	vol-25
next	ADJ	vol-25
long	ADJ	vol-25
right	ADJ	vol-25
left	ADJ	vol-25
middle	ADJ	vol-25
many	ADJ	vol-25
proper	ADJ	vol-25
floaty	ADJ	vol-25
sumo	ADJ	vol-25
good	ADJ	vol-25
high	ADJ	vol-25
north	ADJ	vol-25
american	ADJ	vol-25
correct	ADJ	vol-25
big	ADJ	vol-25
more	ADJ	vol-25
right	ADJ	vol-25
left	ADJ	vol-25
heavy	ADJ	vol-25
right	ADJ	vol-25
left	ADJ	vol-25
right	ADJ	vol-25
left	ADJ	vol-25
single	ADJ	vol-25
true	ADJ	vol-25
massive	ADJ	vol-25
serious	ADJ	vol-25
same	ADJ	vol-25
merry	ADJ	vol-25
merry	ADJ	vol-25
violent	ADJ	vol-25
dangerous	ADJ	vol-25
near	ADJ	vol-25
large	ADJ	vol-25
small	ADJ	vol-25
fun	ADJ	vol-25
surprised	ADJ	vol-25
late	ADJ	vol-25
huge	ADJ	vol-25
fuzzy	ADJ	vol-25
fuzzy	ADJ	vol-25
next	ADJ	vol-25
possible	ADJ	vol-19
main	ADJ	vol-19
left	ADJ	vol-19
enough	ADJ	vol-19
old	ADJ	vol-19
same	ADJ	vol-19
human	ADJ	vol-19
right	ADJ	vol-19
fried	ADJ	vol-19
chinese	ADJ	vol-19
old	ADJ	vol-19
good	ADJ	vol-19
old	ADJ	vol-19
slow	ADJ	vol-19
old	ADJ	vol-19
human	ADJ	vol-19
old	ADJ	vol-19
bad	ADJ	vol-19
nice	ADJ	vol-19
next	ADJ	vol-19
same	ADJ	vol-19
many	ADJ	vol-19
same	ADJ	vol-19
well	ADJ	vol-19
middle	ADJ	vol-19
high	ADJ	vol-19
8th	ADJ	vol-19
worried	ADJ	vol-19
other	ADJ	vol-19
serious	ADJ	vol-19
serious	ADJ	vol-19
special	ADJ	vol-19
dangerous	ADJ	vol-19
next	ADJ	vol-19
bloody	ADJ	vol-19
surprising	ADJ	vol-19
same	ADJ	vol-19
right	ADJ	vol-19
full	ADJ	vol-19
big	ADJ	vol-19
sayeen	ADJ	vol-19
right	ADJ	vol-19
only	ADJ	vol-19
right	ADJ	vol-19
next	ADJ	vol-19
sure	ADJ	vol-18
difficult	ADJ	vol-18
open	ADJ	vol-18
embarrassed	ADJ	vol-18
entire	ADJ	vol-18
sure	ADJ	vol-18
embarrassing	ADJ	vol-18
secret	ADJ	vol-18
bad	ADJ	vol-18
happy	ADJ	vol-18
little	ADJ	vol-18
certain	ADJ	vol-18
same	ADJ	vol-18
other	ADJ	vol-18
small	ADJ	vol-18
sorry	ADJ	vol-18
hilarious	ADJ	vol-18
unapologetic	ADJ	vol-18
right	ADJ	vol-18
cool	ADJ	vol-18
young	ADJ	vol-18
cold	ADJ	vol-18
right	ADJ	vol-18
cold	ADJ	vol-18
correct	ADJ	vol-18
right	ADJ	vol-18
cold	ADJ	vol-18
enough	ADJ	vol-18
naked	ADJ	vol-18
MOST	ADJ	vol-18
special	ADJ	vol-18
incredible	ADJ	vol-18
male	ADJ	vol-18
female	ADJ	vol-18
right	ADJ	vol-18
right	ADJ	vol-18
female	ADJ	vol-18
happy	ADJ	vol-18
wrong	ADJ	vol-18
sorry	ADJ	vol-18
sorry	ADJ	vol-18
next	ADJ	vol-18
different	ADJ	vol-18
little	ADJ	vol-18
next	ADJ	vol-18
huge	ADJ	vol-18
curious	ADJ	vol-18
curious	ADJ	vol-18
serious	ADJ	vol-18
important	ADJ	vol-18
bad	ADJ	vol-18
correct	ADJ	vol-18
japanese	ADJ	vol-18
difficult	ADJ	vol-18
same	ADJ	vol-18
beloved	ADJ	vol-18
good	ADJ	vol-18
actual	ADJ	vol-18
much	ADJ	vol-18
right	ADJ	vol-18
main	ADJ	vol-18
easy	ADJ	vol-18
happy	ADJ	vol-18
new	ADJ	vol-18
next	ADJ	vol-18
mighty	ADJ	vol-18
many	ADJ	vol-24
4th	ADJ	vol-24
normal	ADJ	vol-24
regular	ADJ	vol-24
personal	ADJ	vol-24
little	ADJ	vol-24
little	ADJ	vol-24
basic	ADJ	vol-24
marine	ADJ	vol-24
proud	ADJ	vol-24
private	ADJ	vol-24
other	ADJ	vol-24
own	ADJ	vol-24
personal	ADJ	vol-24
common	ADJ	vol-24
more	ADJ	vol-24
weekly	ADJ	vol-24
more	ADJ	vol-24
17th	ADJ	vol-24
jealous	ADJ	vol-24
2nd	ADJ	vol-24
right	ADJ	vol-24
similar	ADJ	vol-24
clever	ADJ	vol-24
cool	ADJ	vol-24
calm	ADJ	vol-24
red	ADJ	vol-24
royalist	ADJ	vol-24
angry	ADJ	vol-24
extra	ADJ	vol-24
correct	ADJ	vol-24
simple	ADJ	vol-24
other	ADJ	vol-24
small	ADJ	vol-24
armed	ADJ	vol-24
serious	ADJ	vol-24
major	ADJ	vol-24
orange	ADJ	vol-24
ish	ADJ	vol-24
orange	ADJ	vol-24
instant	ADJ	vol-24
instant	ADJ	vol-24
whole	ADJ	vol-24
enough	ADJ	vol-24
great	ADJ	vol-24
orange	ADJ	vol-24
big	ADJ	vol-24
cold	ADJ	vol-24
erotic	ADJ	vol-24
embarrassed	ADJ	vol-24
big	ADJ	vol-24
drawn	ADJ	vol-24
presumptuous	ADJ	vol-24
next	ADJ	vol-24
few	ADJ	vol-26
foreign	ADJ	vol-26
international	ADJ	vol-26
able	ADJ	vol-26
foreign	ADJ	vol-26
main	ADJ	vol-26
foreign	ADJ	vol-26
interesting	ADJ	vol-26
strange	ADJ	vol-26
different	ADJ	vol-26
different	ADJ	vol-26
same	ADJ	vol-26
unique	ADJ	vol-26
japanese	ADJ	vol-26
foreign	ADJ	vol-26
happy	ADJ	vol-26
french	ADJ	vol-26
same	ADJ	vol-26
french	ADJ	vol-26
careful	ADJ	vol-26
surprised	ADJ	vol-26
such	ADJ	vol-26
fine	ADJ	vol-26
little	ADJ	vol-26
silly	ADJ	vol-26
american	ADJ	vol-26
american	ADJ	vol-26
other	ADJ	vol-26
japanese	ADJ	vol-26
same	ADJ	vol-26
next	ADJ	vol-26
stupid	ADJ	vol-26
next	ADJ	vol-26
bad	ADJ	vol-27
horrible	ADJ	vol-27
amazing	ADJ	vol-27
maximum	ADJ	vol-27
well	ADJ	vol-27
more	ADJ	vol-27
big	ADJ	vol-27
horrible	ADJ	vol-27
cool	ADJ	vol-27
big	ADJ	vol-27
young	ADJ	vol-27
old	ADJ	vol-27
opposite	ADJ	vol-27
rude	ADJ	vol-27
natural	ADJ	vol-27
queenly	ADJ	vol-27
free	ADJ	vol-27
random	ADJ	vol-27
same	ADJ	vol-27
same	ADJ	vol-27
good	ADJ	vol-27
same	ADJ	vol-27
same	ADJ	vol-27
stuck	ADJ	vol-27
other	ADJ	vol-27
important	ADJ	vol-27
such	ADJ	vol-27
young	ADJ	vol-27
little	ADJ	vol-27
full	ADJ	vol-27
right	ADJ	vol-27
large	ADJ	vol-27
wide	ADJ	vol-27
real	ADJ	vol-27
other	ADJ	vol-27
random	ADJ	vol-27
ashamed	ADJ	vol-27
fake	ADJ	vol-27
expensive	ADJ	vol-27
real	ADJ	vol-27
careful	ADJ	vol-27
convinced	ADJ	vol-27
popular	ADJ	vol-27
simple	ADJ	vol-27
old	ADJ	vol-27
little	ADJ	vol-27
good	ADJ	vol-27
traditional	ADJ	vol-27
wrong	ADJ	vol-27
funny	ADJ	vol-27
careless	ADJ	vol-27
true	ADJ	vol-27
real	ADJ	vol-27
french	ADJ	vol-27
sure	ADJ	vol-27
cool	ADJ	vol-27
wrong	ADJ	vol-27
chinese	ADJ	vol-27
japanese	ADJ	vol-27
big	ADJ	vol-27
important	ADJ	vol-27
secret	ADJ	vol-27
sisterly	ADJ	vol-27
left	ADJ	vol-27
sudden	ADJ	vol-27
main	ADJ	vol-27
many	ADJ	vol-27
black	ADJ	vol-27
next	ADJ	vol-27
good	ADJ	vol-6
hard	ADJ	vol-6
relaxing	ADJ	vol-6
careful	ADJ	vol-6
striped	ADJ	vol-6
good	ADJ	vol-6
striped	ADJ	vol-6
hungry	ADJ	vol-6
disgusting	ADJ	vol-6
able	ADJ	vol-6
striped	ADJ	vol-6
right	ADJ	vol-6
cute	ADJ	vol-6
weirdo	ADJ	vol-6
weird	ADJ	vol-6
weird	ADJ	vol-6
weird	ADJ	vol-6
special	ADJ	vol-6
special	ADJ	vol-6
new	ADJ	vol-6
exact	ADJ	vol-6
current	ADJ	vol-6
weekly	ADJ	vol-6
same	ADJ	vol-6
various	ADJ	vol-6
key	ADJ	vol-6
brown	ADJ	vol-6
many	ADJ	vol-6
wonderful	ADJ	vol-6
japanese	ADJ	vol-6
first	ADJ	vol-6
personal	ADJ	vol-6
dangerous	ADJ	vol-6
mysterious	ADJ	vol-6
third	ADJ	vol-6
odd	ADJ	vol-6
interested	ADJ	vol-6
scary	ADJ	vol-6
other	ADJ	vol-6
useful	ADJ	vol-6
handy	ADJ	vol-6
accurate	ADJ	vol-6
weird	ADJ	vol-6
wrong	ADJ	vol-6
bad	ADJ	vol-6
many	ADJ	vol-6
female	ADJ	vol-6
old	ADJ	vol-6
second	ADJ	vol-6
first	ADJ	vol-6
more	ADJ	vol-6
own	ADJ	vol-6
worth	ADJ	vol-6
occasional	ADJ	vol-6
little	ADJ	vol-6
fake	ADJ	vol-6
same	ADJ	vol-6
armed	ADJ	vol-6
kindred	ADJ	vol-6
little	ADJ	vol-7
perfect	ADJ	vol-7
funny	ADJ	vol-7
bad	ADJ	vol-7
bad	ADJ	vol-7
raw	ADJ	vol-7
first	ADJ	vol-7
short	ADJ	vol-7
broken	ADJ	vol-7
clear	ADJ	vol-7
tidal	ADJ	vol-7
terrible	ADJ	vol-7
same	ADJ	vol-7
powerful	ADJ	vol-7
circular	ADJ	vol-7
old	ADJ	vol-7
old	ADJ	vol-7
same	ADJ	vol-7
okay	ADJ	vol-7
ok	ADJ	vol-7
many	ADJ	vol-7
able	ADJ	vol-7
silly	ADJ	vol-7
fun	ADJ	vol-7
hard	ADJ	vol-7
more	ADJ	vol-7
true	ADJ	vol-7
right	ADJ	vol-7
spanish	ADJ	vol-7
funky	ADJ	vol-7
least	ADJ	vol-7
little	ADJ	vol-7
cheap	ADJ	vol-7
elementary	ADJ	vol-7
same	ADJ	vol-7
mad	ADJ	vol-7
mad	ADJ	vol-7
strained	ADJ	vol-7
double	ADJ	vol-7
tired	ADJ	vol-7
fake	ADJ	vol-7
braided	ADJ	vol-7
technical	ADJ	vol-7
okay	ADJ	vol-7
great	ADJ	vol-7
right	ADJ	vol-7
nervous	ADJ	vol-7
little	ADJ	vol-7
old	ADJ	vol-7
okay	ADJ	vol-7
wonderful	ADJ	vol-7
upper	ADJ	vol-7
right	ADJ	vol-7
able	ADJ	vol-7
top	ADJ	vol-7
certain	ADJ	vol-7
amazing	ADJ	vol-7
true	ADJ	vol-7
mammoth	ADJ	vol-7
fun	ADJ	vol-7
artistic	ADJ	vol-7
valuable	ADJ	vol-7
little	ADJ	vol-7
little	ADJ	vol-7
dumb	ADJ	vol-7
similar	ADJ	vol-7
careful	ADJ	vol-5
first	ADJ	vol-5
real	ADJ	vol-5
sound	ADJ	vol-5
donnnn	ADJ	vol-5
damn	ADJ	vol-5
weird	ADJ	vol-5
sorry	ADJ	vol-5
simple	ADJ	vol-5
german	ADJ	vol-5
able	ADJ	vol-5
much	ADJ	vol-5
partial	ADJ	vol-5
well	ADJ	vol-5
black	ADJ	vol-5
white	ADJ	vol-5
old	ADJ	vol-4
old	ADJ	vol-4
old	ADJ	vol-4
old	ADJ	vol-4
old	ADJ	vol-4
weird	ADJ	vol-4
weird	ADJ	vol-4
mysterious	ADJ	vol-4
cool	ADJ	vol-4
other	ADJ	vol-4
last	ADJ	vol-4
correct	ADJ	vol-4
cruel	ADJ	vol-4
real	ADJ	vol-4
real	ADJ	vol-4
long	ADJ	vol-4
same	ADJ	vol-4
nervous	ADJ	vol-4
stupid	ADJ	vol-4
weird	ADJ	vol-4
new	ADJ	vol-4
special	ADJ	vol-4
big	ADJ	vol-4
interesting	ADJ	vol-4
dead	ADJ	vol-4
high	ADJ	vol-4
high	ADJ	vol-4
Most	ADJ	vol-4
good	ADJ	vol-4
real	ADJ	vol-4
axe	ADJ	vol-4
good	ADJ	vol-4
alive	ADJ	vol-4
former	ADJ	vol-4
same	ADJ	vol-4
painful	ADJ	vol-4
secondary	ADJ	vol-4
normal	ADJ	vol-4
little	ADJ	vol-4
hilarious	ADJ	vol-4
mysterious	ADJ	vol-4
normal	ADJ	vol-4
other	ADJ	vol-4
honest	ADJ	vol-4
great	ADJ	vol-4
much	ADJ	vol-4
expensive	ADJ	vol-4
d	ADJ	vol-4
patient	ADJ	vol-4
young	ADJ	vol-4
old	ADJ	vol-4
disrespectful	ADJ	vol-4
proud	ADJ	vol-4
good	ADJ	vol-4
simple	ADJ	vol-4
same	ADJ	vol-4
many	ADJ	vol-4
sharp	ADJ	vol-4
many	ADJ	vol-4
many	ADJ	vol-4
many	ADJ	vol-4
many	ADJ	vol-4
special	ADJ	vol-4
